review_id,reply_human,reply_ai_gpt_4o_mini,reply_with_style_guide,reply_with_style_guide_step,reply_ogata
209970809,"この度はご宿泊いただき、誠にありがとうございました。
また、温かいご感想をお寄せいただき、心より御礼申し上げます。

設備の新しさや清潔感にご満足いただけたとのこと、大変嬉しく思います。
また、日本酒やノンアルコールドリンクを含むドリンクサービスも多くの方にご利用いただき、私たちも嬉しい限りです。

京都駅からの距離につきましても、「おもてなし」で補って余りあるとのお言葉を頂戴し、スタッフ一同大きな励みとなります。

また京都にお越しの際は、ぜひ当ホテルにお立ち寄りくださいませ。心よりお待ち申し上げております。
オリエンタルホテル京都六条","この度はご利用いただき、また温かいご感想をありがとうございます。
 

 設備の新しさや清潔感をお伝えいただき、とても嬉しく思います。また、ドリンクサービスについてもお褒めいただき、スタッフ一同励みになります。お客様にご満足いただけるよう、今後もおもてなしを充実させて参ります。
 

 京都駅からの距離についても、ご理解いただき感謝申し上げます。次回のご利用を心よりお待ちしております。","この度はオリエンタルホテル 京都六条にご宿泊いただき、誠にありがとうございます。

設備や清潔感、おもてなしにご満足いただけたとのお言葉をいただき、大変嬉しく思います。ドリンクサービスの豊富さも多くのお客様にご利用いただいている点であり、喜んでいただけたことが何よりの励みです。

京都駅からは少し距離がありますが、その分皆様にご満足いただけるサービスを心掛けております。 

またのご来館を心よりお待ちしております。","この度はオリエンタルホテル京都六条にご宿泊いただき、誠にありがとうございます。

設備や清潔感、豊富なドリンクサービスにご満足いただけたとのことで、大変嬉しく思います。また、おもてなしについても高く評価いただき、心より感謝申し上げます。

京都駅からの距離についてご理解いただき、ありがとうございます。これからも、お客様に快適で心地よい空間を提供できるよう、スタッフ一同努めて参ります。

ぜひまたのご来館を心よりお待ちしております。","この度はオリエンタルホテル京都六条にご宿泊いただき、誠にありがとうございます。また、ご感想をお寄せいただき、心より感謝申し上げます。
 

 ホテルの設備や清潔感、そして豊富なドリンクサービスについてご満足いただけたこと、大変嬉しく思います。特に、ウェルカムラウンジで提供している日本酒やノンアルコール飲料に多くの方にお楽しみいただいている姿をお伝えいただき、誠にありがとうございます。
 

 京都駅からの距離を補う“おもてなし”とのお言葉に、私たちスタッフも大変励みになります。これからも、京都らしい和の要素を大切にしつつ、快適な滞在をご提供できるよう努めてまいります。
 

 次回の京都訪問時にも、ぜひオリエンタルホテル京都六条をご利用いただけますと幸いです。スタッフ一同、心よりお待ち申し上げております。"
205435941,"Gracias por haberse alojado en Oriental Hotel Kyoto Rokujo y por tomarse el tiempo de compartir sus comentarios.

Lamentamos sinceramente que la experiencia durante el check-in y el acceso al hotel no haya estado a la altura de sus expectativas. Valoramos mucho sus observaciones, y las compartiremos con nuestro equipo para seguir mejorando tanto el servicio como la comodidad de nuestros huéspedes.

Nos alegra saber que, a pesar de los inconvenientes mencionados, haya valorado su estancia con una alta puntuación. Será un placer poder darle la bienvenida nuevamente y ofrecerle una experiencia más satisfactoria.","Lamentamos sinceramente que su experiencia no haya sido lo que esperaba. Agradecemos su comentario y tomamos muy en serio sus observaciones sobre el tiempo de espera y las instalaciones.
 

 Estamos comprometidos a mejorar y haremos todo lo posible para que su próxima visita sea más placentera. 
 

 Esperamos tener la oportunidad de demostrarle una mejor atención en el futuro. Gracias por su feedback.","この度はご宿泊いただき、誠にありがとうございます。

ご滞在中にご不便をおかけし、申し訳ございませんでした。お部屋のご準備が遅れ、お客様にご迷惑をおかけしたこと、心よりお詫び申し上げます。また、施設に関してのご指摘もありがたく受け止めております。お客様のご意見は、今後の改善に繋げてまいります。

お客様にリラックスした時間を提供できるホテルとなるよう、スタッフ一同努力してまいります。次回のご訪問の際には、より良いサービスをお届けできるよう尽力いたしますので、またのお越しを心よりお待ちしております。","この度はオリエンタルホテル京都六条をご利用いただき、誠にありがとうございます。

しかしながら、お客様のご期待にお応えできず、心よりお詫び申し上げます。お部屋の準備やアクセスに関するご不便をおかけしましたこと、大変申し訳ございません。また、スタッフの対応についてもご指摘いただき、重ねてお礼申し上げます。

いただいたご意見をもとに、サービスの向上に努めてまいります。お客様に心地よいご滞在を提供できるよう、改善を進めていきますので、今後とも何卒よろしくお願いいたします。

またのご来館を心よりお待ちしております。

オリエンタルホテル京都六条","Estimado huésped,
 

 Le agradecemos por elegir el Oriental Hotel Kyoto Rokujo para su estancia y por tomarse el tiempo para compartir sus comentarios. Lamentamos sinceramente que su experiencia no haya estado a la altura de sus expectativas.
 

 Entendemos que la espera para el check-in y las escaleras para acceder a las habitaciones fueron inconvenientes significativos. Apreciamos su paciencia y lamentamos profundamente cualquier molestia que haya causado. Su comentario sobre la amabilidad del personal es importante para nosotros, y revisaremos estos aspectos con el objetivo de mejorar nuestro servicio.
 

 Nos esforzamos por ofrecer un ambiente relajante y cómodo, y tomaremos sus sugerencias en serio para lograrlo. Esperamos que en el futuro tenga una experiencia más positiva en nuestro hotel. 
 

 De nuevo, le agradecemos su feedback y esperamos tener la oportunidad de darle la bienvenida nuevamente.
 

 Atentamente,  
 El equipo de Oriental Hotel Kyoto Rokujo"